id,numero_controle_pncp,ano_compra,numero_compra,processo,cnpj_orgao,razao_social_orgao,esfera_id,poder_id,uf_sigla,municipio_nome,nome_unidade,modalidade_id,modalidade_nome,modo_disputa_nome,situacao_compra_nome,srp,objeto_compra,informacao_complementar,valor_total_estimado,valor_total_homologado,data_publicacao_pncp,data_abertura_proposta,data_encerramento_proposta,link_sistema_origem,link_processo_eletronico,matched_category,matched_subtema,matched_keywords,ano_mes_pub
1,46137410000180-1-000589/2025,2025,98365,768/2024,46137410000180,MUNICIPIO DE BAURU,M,N,SP,Bauru,PREFEITURA MUNICIPAL DE BAURU/SP,6,Pregão - Eletrônico,Aberto,Divulgada no PNCP,0,"Contratação de Empresa especializada em Prestação de Serviços de Assistência à Saúde aos servidores públicos municipais, ativos, inativos, pensionistas, comissionados, agentes políticos da Prefeitura Municipal de Bauru, bem como aos seus beneficiários dependentes e agregados, conforme legislação vigente, sob a modalidade preço pré estabelecido “per capita”, plano básico, por meio de Rede Própria e/ou Credenciada da CONTRATADA", Para as respostas de esclarecimentos e impugnações deste edital acesse o link: https://cnetmobile.estaleiro.serpro.gov.br/comprasnet-web/public/landing?destino=quadro-informativo&compra=98621905983652025,251150400.0,0.0,2025-08-08 07:24:20,2026-09-28T08:00:00,2026-10-14T09:30:00,https://cnetmobile.estaleiro.serpro.gov.br/comprasnet-web/public/landing?destino=acompanhamento-compra&compra=98621905983652025,,Tecnologia da Informação & Serviços Digitais,Cloud & Infraestrutura de TI,servidores,2025-08
2,27792373000107-1-000006/2026,2026,002,1836/2025,27792373000107,MUNICIPIO DE ARRAIAL DO CABO,M,N,RJ,Arraial do Cabo,MUNICÍPIO DE ARRAIAL DO CABO/RJ,6,Pregão - Eletrônico,Aberto,Divulgada no PNCP,0,"[LICITANET] - Pregão Eletrônico para futura e eventual contratação de empresa habilitada em INSTITUIÇÃO FINANCEIRA,AUTORIZADA PELO BANCO CENTRAL, ATRAVÉS DE PREGÃO ELETRÔNICO, DO TIPO MAIOR LANCE GLOBAL PARA PRESTAÇÃO DE FORMA EXCLUSIVA, DOS SERVIÇOS REFERENTES Á CENTRALIZAÇÃO, AO PROCESSAMENTO E AO GERENCIAMENTO DOS CRÉDITOS PROVENIENTES DA FOLHA DE PAGAMENTO SALARIAL DOS SERVIDORES E FUNCIONÁRIOS ATIVOS, INATIVOS,PENSIONISTAS E OUTROS BENEFICIARIOS DA ADMINISTRAÇÃO DIRETA E INDIRETA (AUTARQUIAS), DO MUNICIPIO DE ARRAIAL DO CABO E DEMAIS SERVIÇOS BANCARIOS DE FORMA NÃO EXCLUSIVA PARA ATENDER AS DEMANDAS ORIUNDAS DA SECRETARIA MUNICIPAL DE ADMINISTRAÇÃO E AUTARQUIAS DE ARRAIAL DO CABO – RJ.",,9573001.9,0.0,2026-01-19 15:43:12,2026-10-02T12:04:57,2026-10-27T10:00:00,https://licitanet.com.br/sessao/169177,,Tecnologia da Informação & Serviços Digitais,Cloud & Infraestrutura de TI,servidores,2026-01
3,88775390000112-1-000127/2026,2026,PCE 102,102/2026,88775390000112,MUNICIPIO DE CRUZ ALTA,M,N,RS,Cruz Alta,Unidades Administrativas Subordinadas,6,Pregão - Eletrônico,Aberto,Divulgada no PNCP,0,"Contratação de empresa especializada em desenvolvimento, implantação, locação, manutenção, suporte técnico, customização e evolução tecnológica de um Sistema de Gestão Educacional Integrado em ambiente 100% web, com armazenamento em Data Center da contratada, atendendo às necessidades da Secretaria Municipal de Educação.",,307319.04,0.0,2026-04-24 15:57:08,2026-09-23T00:00:00,2026-10-08T13:00:00,,,Tecnologia da Informação & Serviços Digitais,Cloud & Infraestrutura de TI,data center,2026-04
4,77821841000194-1-000094/2026,2026,90013,0090885812023,77821841000194,PARANA TRIBUNAL DE JUSTICA,E,J,PR,Curitiba,EPR-TRIBUNAL DE JUSTIÇA ESTADO DO PARANÁ,6,Pregão - Eletrônico,Aberto,Divulgada no PNCP,0,"Solução de TI consistente em serviços gerenciados de Segurança da Informação e Cibernética (MSS), com prestação contínua e sob demanda, aplicados ao ambiente tecnológico do Tribunal de Justiça do Estado do Paraná, pelo período de 36 (trinta e seis) meses prorrogável até o limite legal, conforme critérios, especificações e necessidades descritos no termo de referência e Anexo II, partes integrantes deste edital convocatório.","Havendo contradições entre a descrição dos bens constantes neste edital e seus anexos e aquela proposta pelo código CATMAT/CATSER, deve prevalecer a descrição do edital e seus anexos. Para as respostas de esclarecimentos e impugnações deste edital acesse o link: https://cnetmobile.estaleiro.serpro.gov.br/comprasnet-web/public/landing?destino=quadro-informativo&compra=92641505900132026",29035777.53,0.0,2026-05-14 07:17:26,2026-10-02T08:00:00,2026-10-21T13:00:00,https://cnetmobile.estaleiro.serpro.gov.br/comprasnet-web/public/landing?destino=acompanhamento-compra&compra=92641505900132026,,Tecnologia da Informação & Serviços Digitais,Cibersegurança & Governança de Dados,segurança da informação,2026-05
5,46374500000194-1-003751/2026,2026,90062,024.00057867/2025,46374500000194,SECRETARIA DE ESTADO DA SAUDE,E,E,SP,Ferraz de Vasconcelos,"ESP-HOSP.REG.DR.O.F.COELHO,EM F.DE VASCONCELO",6,Pregão - Eletrônico,Aberto,Divulgada no PNCP,0,Prestação de Serviços de Nutrição e Alimentação Hospitalar e Servidores, Para as respostas de esclarecimentos e impugnações deste edital acesse o link: https://cnetmobile.estaleiro.serpro.gov.br/comprasnet-web/public/landing?destino=quadro-informativo&compra=09016605900622026,20920619.32,0.0,2026-05-19 07:08:59,2026-09-22T08:00:00,2026-10-06T09:00:00,https://cnetmobile.estaleiro.serpro.gov.br/comprasnet-web/public/landing?destino=acompanhamento-compra&compra=09016605900622026,,Tecnologia da Informação & Serviços Digitais,Cloud & Infraestrutura de TI,servidores,2026-05
6,76995422000106-1-000099/2026,2026,45,90.045,76995422000106,MUNICIPIO DE SAO JOAO,M,N,PR,São João,Secretaria de Adm. e Financas,6,Pregão - Eletrônico,Aberto-Fechado,Divulgada no PNCP,0,"Registro de Preços para futura e eventual contratação de empresa especializada na prestação de serviços de controle eletrônico de frequência e gestão de ponto, incluindo locação de relógios eletrônicos, software, implantação, instalação, integração, treinamento, manutenção, suporte técnico e demais serviços técnicos e demais serviços necessários ao funcionamento da solução.","A contratação será realizada por meio de Sistema de Registro de Preços, com critério de julgamento pelo menor preço global, visando atender às necessidades da Administração Municipal. A solução deverá contemplar equipamentos, software de gestão, implantação, integração, treinamento, manutenção preventiva e corretiva, suporte técnico e demais serviços necessários ao adequado funcionamento do controle eletrônico de frequência dos servidores. A execução ocorrerá de forma parcelada, conforme demanda da Administração, observadas as condições, especificações e quantitativos definidos no Termo de Referência e demais documentos que instruem o processo.",173452.0,0.0,2026-06-30 22:41:25,2026-09-29T08:00:00,2026-10-15T09:00:00,https://cnetmobile.estaleiro.serpro.gov.br/comprasnet-web/public/compras/acompanhamento-compra?compra=98787105000012026,https://saojoao.1doc.com.br/b.php?pg=o/central_servicos&tab=categoria,Tecnologia da Informação & Serviços Digitais,Cloud & Infraestrutura de TI,servidores,2026-06
7,18591149000158-1-000073/2026,2026,28,75,18591149000158,MUNICIPIO DE COROMANDEL,M,N,MG,Coromandel,MEDIA E ALTA COMPLEXIDADE,6,Pregão - Eletrônico,Aberto,Divulgada no PNCP,0,"[Publicenter] - CONTRATAÇÃO DE EMPRESA ESPECIALIZADA NA PRESTAÇÃO DE SERVIÇOS DE LICENCIAMENTO DE DIREITO DE USO DE SOFTWARE INTEGRADO PARA GESTÃO DE SAÚDE PÚBLICA, PARA ATENDER AS DEMANDAS E NECESSIDADE DA SECRETÁRIA MUNICIPAL DE SAÚDE DO MUNICÍPIO DE COROMANDEL, INCLUINDO SERVIÇOS DE IMPLANTAÇÃO, CONVERSÃO, MIGRAÇÃO DE DADOS, SUPORTE TÉCNICO (HELP DESK) IN LOCO E REMOTO, TREINAMENTO DE USUÁRIOS, MANUTENÇÃO EVOLUTIVA, LEGAL, CORRETIVA E SOB DEMANDA E A DISPONIBILIZAÇÃO DE DATACENTER.                           ",,194100.0,0.0,2026-07-08 10:52:24,2026-10-07T07:59:00,2026-10-07T08:00:00,                                                                                                    ,,Tecnologia da Informação & Serviços Digitais,Cloud & Infraestrutura de TI,"datacenter, help desk",2026-07
8,02204196000161-1-000329/2026,2026,21,21,02204196000161,MUNICIPIO DE ITUMBIARA,M,N,GO,Itumbiara,PREFEITURA MUNICIPAL DE ITUMBIARA,6,Pregão - Eletrônico,Aberto,Divulgada no PNCP,0,"CONTRATAÇÃO DE EMPRESA ESPECIALIZADA EM TECNOLOGIA DA INFORMAÇÃO PARA PRESTAÇÃO DE SERVIÇOS DE LOCAÇÃO DE LICENÇA DE USO DE SISTEMA INFORMATIZADO DE GESTÃO PÚBLICA MUNICIPAL, DESENVOLVIDO DE FORMA INTEGRADA, SISTÊMICA E MODULAR, EM AMBIENTE 100% WEB, COM HOSPEDAGEM EM INTERNET DATA CENTER (IDC), INCLUINDO IMPLANTAÇÃO, MIGRAÇÃO E CONVERSÃO DE DADOS, SUPORTE TÉCNICO, MANUTENÇÃO CORRETIVA, EVOLUTIVA E LEGAL, ATUALIZAÇÕES AUTOMÁTICAS, TREINAMENTO DE USUÁRIOS E SERVIÇOS CORRELATOS.","contratação de empresa especializada em tecnologia da informação para prestação de serviços de locação de licença de uso de sistema informatizado de gestão pública municipal, desenvolvido de forma integrada, sistêmica e modular, em ambiente 100% web, com hospedagem em Internet Data Center (IDC), incluindo implantação, migração e conversão de dados, suporte técnico, manutenção corretiva, evolutiva e legal, atualizações automáticas, treinamento de usuários e serviços correlatos.",1028980.29,0.0,2026-07-15 11:05:40,2026-07-15T10:54:21,2026-10-13T07:30:00,https://go.centi.com.br/itumbiara/portalfornecedor,,Tecnologia da Informação & Serviços Digitais,Cloud & Infraestrutura de TI,data center,2026-07
9,28645794000160-1-000059/2026,2026,9,1753/2026,28645794000160,MUNICIPIO DE CANTAGALO,M,N,RJ,Cantagalo,PREFEITURA MUNICIPAL DE CANTAGALO - RJ,6,Pregão - Eletrônico,Aberto,Divulgada no PNCP,1,"Contratação de empresa especializada em elaboração e aplicação de concurso público, para provimento de cargos do quadro efetivo e formação de cadastro de reserva de vagas para servidores da Prefeitura Municipal de Cantagalo-RJ.",,256000.0,0.0,2026-07-16 15:19:36,2026-09-28T08:00:00,2026-10-14T13:00:00,https://cnetmobile.estaleiro.serpro.gov.br/comprasnet-web/public/compras/acompanhamento-compra?compra=98582105000092026,,Tecnologia da Informação & Serviços Digitais,Cloud & Infraestrutura de TI,servidores,2026-07
10,15883796000145-1-000041/2026,2026,36,0010.028052/2025-98,15883796000145,DEPARTAMENTO ESTADUAL DE TRANSITO,E,E,RO,Porto Velho,ERO-DEPARTAMENTO ESTADUAL DE TRÃNSITO,6,Pregão - Eletrônico,Aberto,Divulgada no PNCP,0,"Contratação de serviços técnicos especializados de Tecnologia da Informação e Comunicação (TIC) de natureza continuada, compreendendo a disponibilização, implantação, sustentação e suporte técnico de sistemas informatizados de gestão (software) na modalidade SaaS (Software as a Service), cumulada com a locação de infraestrutura de hardware (Hardware as a Service) para atendimento digital, conforme especificações, quantitativos e Acordos de Nível de Serviço (SLA) estabelecidos no Termo de Referen",,44887381.2,0.0,2026-07-22 13:54:37,2026-09-18T08:00:00,2026-10-07T10:00:00,https://cnetmobile.estaleiro.serpro.gov.br/comprasnet-web/public/compras/acompanhamento-compra?compra=92600205000362026,https://sei.sistemas.ro.gov.br/sei/controlador.php?acao=procedimento_trabalhar&acao_origem=procedimento_controlar&acao_retorno=procedimento_controlar&id_procedimento=65596887&infra_sistema=100000100&infra_unidade_atual=110000631&infra_hash=f15941681e8780e75ecd98afe3593800a514de8a669b8467a1a78f4e42dd727e,Tecnologia da Informação & Serviços Digitais,Licenciamento de Software & SaaS,saas,2026-07
11,05959999000114-1-000097/2026,2026,155,0006005-47.2025.6.04.0000,05959999000114,TRIBUNAL REGIONAL ELEITORAL DO AMAZONAS,F,J,AM,Manaus,TRIBUNAL REGIONAL ELEITORAL DO AMAZONAS,6,Pregão - Eletrônico,Aberto-Fechado,Divulgada no PNCP,0,"Prestação de serviços técnicos especializados na área de Tecnologia da Informação, por meio da execução continuada de atividades de suporte e atendimento técnico, modelo SERVICE DESK",,2677859.12,0.0,2026-07-28 04:00:15,2026-09-24T08:00:00,2026-10-13T11:00:00,https://cnetmobile.estaleiro.serpro.gov.br/comprasnet-web/public/compras/acompanhamento-compra?compra=07000305001552026,https://sei.tre-am.jus.br/sei/controlador.php?acao=procedimento_trabalhar&acao_origem=procedimento_controlar&acao_retorno=procedimento_controlar&id_procedimento=522071&infra_sistema=100000100&infra_unidade_atual=326&infra_hash=05f886d5c2d20e6cf2b081391c73091dcb0a27ea860337c69de7b9622cfa4b2b,Tecnologia da Informação & Serviços Digitais,Service Desk & Suporte Técnico,service desk,2026-07
12,08182313000110-1-000070/2026,2026,20,71,08182313000110,MUNICIPIO DE LAGOA NOVA,M,N,RN,Lagoa Nova,SECRETARIA MUNICIPAL DE ADMINISTRAÇÃO E RECURSOS HUMANOS,6,Pregão - Eletrônico,Aberto,Divulgada no PNCP,1,"[Portal de Compras Públicas] - Contratação de plataforma de monitoramento, incluindo, manutenção preventiva e corretiva, gravação, armazenamento, gerenciamento, combinada à câmeras em sistema de Videomonitoramento 100% em nuvem com acessos via ambiente Cloud Computing, e acesso web e via aplicativos para sistemas IOS e ANDROID.",,785014.45,0.0,2026-08-04 10:12:53,2026-10-01T11:00:00,2026-10-19T06:00:00,https://www.portaldecompraspublicas.com.br/processos/RN/Prefeitura-Municipal-de-Lagoa-Nova-695/RPE-20-2026-2026-500753,,Tecnologia da Informação & Serviços Digitais,Cloud & Infraestrutura de TI,cloud computing,2026-08
13,02070548000133-1-000043/2026,2026,(1270) | 36-P,2080/2026,02070548000133,MUNICIPIO DE GUARAI,M,N,TO,Guaraí,PREFEITURA MUNICIPAL DE GUARAÍ,6,Pregão - Eletrônico,Aberto-Fechado,Divulgada no PNCP,0,"CONTRATAÇÃO DE INSTITUIÇÃO FINANCEIRA, AUTORIZADA PELO BANCO CENTRAL DO BRASIL, PARA PRESTAÇÃO DOS SERVIÇOS DE PAGAMENTO DA FOLHA SALARIAL EM SUA TOTALIDADE E OUTRAS INDENIZAÇÕES AOS SERVIDORES E MEMBROS ATIVOS DA PREFEITURA MUNICIPAL DE GUARAÍ/TO, BEM COMO AO PROGRAMA DE BOLSA DE ESTAGIÁRIOS, E GERENCIAMENTO DA EMISSÃO DE BOLETOS EMITIDOS PELO FISCO MUNICIPAL",,1100000.0,0.0,2026-08-06 08:14:34,2026-09-11T08:00:00,2026-10-06T08:00:00,,,Tecnologia da Informação & Serviços Digitais,Cloud & Infraestrutura de TI,servidores,2026-08
14,37753638000103-1-000078/2026,2026,34,TLB-PRO-2025/05460,37753638000103,MINISTERIO DAS COMUNICACOES,F,E,DF,Brasília,TELECOMUNICAÇÕES BRASILEIRAS S.A.,6,Pregão - Eletrônico,Aberto-Fechado,Divulgada no PNCP,0,"Contratação de empresa para prestação de serviços técnicos para elaboração de projeto de instalação, fornecimento e instalação de sistema de ar condicionado VRF/ VRV para o Datacenter da TELEBRAS, conforme especificações e quantidades constantes do Termo de Referência e seus Anexos. O valor da proposta cadastrado no sistema deverá ser global para o lote de itens e contemplar os 24 meses contratuais.",As especificações do objeto detalhadas no Termo de Referência e seus Anexos prevalecem sobre aquelas cadastradas de forma genérica no sistema CATMAT/CATSER. A proposta comercial deve seguir o modelo de proposta constante no Anexo B do Edital.,0.0,0.0,2026-08-07 16:39:53,2026-09-17T08:00:00,2026-10-09T10:00:00,https://cnetmobile.estaleiro.serpro.gov.br/comprasnet-web/public/compras/acompanhamento-compra?compra=92515005000342026,,Tecnologia da Informação & Serviços Digitais,Cloud & Infraestrutura de TI,datacenter,2026-08
15,83708248000139-1-000049/2026,2026,4,928/2026,83708248000139,CAMARA MUNICIPAL DE SAO JOSE,M,L,SC,São José,CAMARA MUNICIPAL DE SÃO JOSE - SC,6,Pregão - Eletrônico,Aberto,Revogada,0,"contratação de plano de assistência à saúde destinado aos servidores públicos ativos e inativos, pensionistas, vereadores e respectivos dependentes vinculados à Câmara Municipal de São José/SC, compreendendo cobertura ambulatorial e hospitalar com obstetrícia, consultas médicas, serviços auxiliares de diagnóstico e terapia, internações hospitalares clínicas, cirúrgicas e psiquiátricas, por meio de rede própria, credenciada, contratada ou referenciada pela operadora","Em caso de discordância existente entre as especificações dos itens descritas no Compras.gov.br e as especificações constantes deste Edital, prevalecerão as últimas, em especial as contidas no Termo de Referência.",0.0,0.0,2026-08-10 15:39:23,2026-09-28T08:00:00,2026-10-16T14:30:00,https://cnetmobile.estaleiro.serpro.gov.br/comprasnet-web/public/compras/acompanhamento-compra?compra=92801105000042026,https://camarasaojose.atende.net/transparencia/item/licitacoes-gerais#conteudo,Tecnologia da Informação & Serviços Digitais,Cloud & Infraestrutura de TI,servidores,2026-08
16,29507878000108-1-000017/2026,2026,55,19957000057202685,29507878000108,COMISSAO DE VALORES MOBILIARIOS,F,E,RJ,Rio de Janeiro,MF-CVM-COMISSAO DE VALORES MOBILIARIOS/RJ,6,Pregão - Eletrônico,Aberto,Divulgada no PNCP,0,"Contratação de solução de tecnologia da informação e comunicação de serviço de garantia estendida, oficial do fabricante, para os equipamentos de infraestrutura de TI da CVM, especificamente sete servidores de rede Lenovo ThinkSystem SR630 e dois servidores de rede Lenovo ThinkSystem SR650.",,121963.0,0.0,2026-08-11 04:00:01,2026-09-24T09:00:00,2026-10-08T10:00:00,https://cnetmobile.estaleiro.serpro.gov.br/comprasnet-web/public/compras/acompanhamento-compra?compra=17303005000552026,https://sei.cvm.gov.br/sei/controlador.php?acao=procedimento_trabalhar&acao_origem=rel_bloco_protocolo_listar&acao_retorno=rel_bloco_protocolo_listar&id_procedimento=2703091&id_bloco=21760&infra_sistema=100000100&infra_unidade_atual=110000946&infra_hash=13ffd84912c597278bd327c98afba4ed5f2049d646d8257dda302efa9c435c7a,Tecnologia da Informação & Serviços Digitais,Cloud & Infraestrutura de TI,"infraestrutura de ti, servidores",2026-08
